{
  "raw": {
    "alpha": 1.0,
    "recall@10": 0.8133333333333334,
    "all": {
      "0.0": 0.08,
      "0.2": 0.41333333333333333,
      "0.4": 0.7333333333333333,
      "0.5": 0.7733333333333333,
      "0.6": 0.8,
      "0.8": 0.7866666666666666,
      "1.0": 0.8133333333333334
    }
  },
  "minimal": {
    "alpha": 0.6,
    "recall@10": 0.9333333333333333,
    "all": {
      "0.0": 0.10666666666666667,
      "0.2": 0.49333333333333335,
      "0.4": 0.84,
      "0.5": 0.8933333333333333,
      "0.6": 0.9333333333333333,
      "0.8": 0.9333333333333333,
      "1.0": 0.9333333333333333
    }
  },
  "category": {
    "alpha": 0.4,
    "recall@10": 0.08,
    "all": {
      "0.0": 0.02666666666666667,
      "0.2": 0.05333333333333334,
      "0.4": 0.08,
      "0.5": 0.08,
      "0.6": 0.08,
      "0.8": 0.08,
      "1.0": 0.08
    }
  },
  "local_rule": {
    "alpha": 1.0,
    "recall@10": 0.8133333333333334,
    "all": {
      "0.0": 0.08,
      "0.2": 0.41333333333333333,
      "0.4": 0.7333333333333333,
      "0.5": 0.7733333333333333,
      "0.6": 0.8,
      "0.8": 0.7866666666666666,
      "1.0": 0.8133333333333334
    }
  },
  "legal_route": {
    "alpha": 1.0,
    "recall@10": 0.8133333333333334,
    "all": {
      "0.0": 0.08,
      "0.2": 0.4266666666666667,
      "0.4": 0.7333333333333333,
      "0.5": 0.76,
      "0.6": 0.7866666666666666,
      "0.8": 0.8,
      "1.0": 0.8133333333333334
    }
  }
}