{
  "recall@1": 0.06666666666666667,
  "recall@5": 0.24,
  "recall@10": 0.4266666666666667
}